-- app menu
INSERT IGNORE INTO lokakarya.tbl_app_menu (id,created_at,created_by,menu_name,updated_at,updated_by) VALUES
    (0x30646664663565332D623131622D3131,'2024-12-03 08:58:57',0x00000000000000000000000000000000,'user#read',NULL,NULL),
    (0x31663337653861662D633433622D3131,'2024-12-03 08:58:57',0x00000000000000000000000000000000,'emp-assessment#all',NULL,NULL),
    (0x34393736313334342D633937632D3131,'2024-12-03 08:58:57',0x00000000000000000000000000000000,'summary#approve',NULL,NULL),
    (0x39633731343131312D623563662D3131,'2024-12-03 08:58:57',0x00000000000000000000000000000000,'emp-dev-plan#read',NULL,NULL),
    (0x62316565613564642D623131392D3131,'2024-12-03 08:58:57',0x00000000000000000000000000000000,'user#all',NULL,NULL),
    (0x62316565626361382D623131392D3131,'2024-12-03 08:58:57',0x00000000000000000000000000000000,'division#all',NULL,NULL),
    (0x62316565626435652D623131392D3131,'2024-12-03 08:58:57',0x00000000000000000000000000000000,'role-menu#all',NULL,NULL),
    (0x62316565626461352D623131392D3131,'2024-12-03 08:58:57',0x00000000000000000000000000000000,'group-attitude-skill#all',NULL,NULL),
    (0x62316565626465342D623131392D3131,'2024-12-03 08:58:57',0x00000000000000000000000000000000,'attitude-skill#all',NULL,NULL),
    (0x62316565626531612D623131392D3131,'2024-12-03 08:58:57',0x00000000000000000000000000000000,'technical-skill#all',NULL,NULL);
INSERT IGNORE INTO lokakarya.tbl_app_menu (id,created_at,created_by,menu_name,updated_at,updated_by) VALUES
      (0x62316565626535632D623131392D3131,'2024-12-03 08:58:57',0x00000000000000000000000000000000,'dev-plan#all',NULL,NULL),
      (0x62316565626539642D623131392D3131,'2024-12-03 08:58:57',0x00000000000000000000000000000000,'group-achievement#all',NULL,NULL),
      (0x62316565626632622D623131392D3131,'2024-12-03 08:58:57',0x00000000000000000000000000000000,'achievement#all',NULL,NULL),
      (0x62316565626635632D623131392D3131,'2024-12-03 08:58:57',0x00000000000000000000000000000000,'summary#read',NULL,NULL),
      (0x62316565626639362D623131392D3131,'2024-12-03 08:58:57',0x00000000000000000000000000000000,'summary#read.self',NULL,NULL),
      (0x62316565626663642D623131392D3131,'2024-12-03 08:58:57',0x00000000000000000000000000000000,'emp-achievement#all',NULL,NULL),
      (0x62316565626666652D623131392D3131,'2024-12-03 08:58:57',0x00000000000000000000000000000000,'emp-attitude-skill#all',NULL,NULL),
      (0x62316565633033612D623131392D3131,'2024-12-03 08:58:57',0x00000000000000000000000000000000,'emp-technical-skill#all',NULL,NULL),
      (0x62316565633036612D623131392D3131,'2024-12-03 08:58:57',0x00000000000000000000000000000000,'emp-dev-plan#all',NULL,NULL),
      (0x62316565633061382D623131392D3131,'2024-12-03 08:58:57',0x00000000000000000000000000000000,'emp-suggestion#all',NULL,NULL);


--App Role
INSERT IGNORE INTO lokakarya.tbl_app_role (id,created_at,created_by,rolename,updated_at,updated_by) VALUES
     (0x29CF8B143CBA4605994BAB633D656A83,'2024-12-03 08:43:28',0xDA41C3475EBC46EB8AFF9652AE3C3D26,'SVP',NULL,NULL),
     (0x945F99F6BC974DB7AC5EE50EFBC8D5EF,'2024-12-03 08:43:16',0xDA41C3475EBC46EB8AFF9652AE3C3D26,'MGR',NULL,NULL),
     (0xBE41F83CA140440C9AB31E406F71EFC4,'2024-11-26 14:23:25',0xB5901FD556BC4BB69C4A93C3BABCD2DC,'USER','2024-12-03 08:42:49',0xDA41C3475EBC46EB8AFF9652AE3C3D26),
     (0xDCC549CC0BFD4874B0E357BDB50D7A18,'2024-11-26 13:49:33',0xB5901FD556BC4BB69C4A93C3BABCD2DC,'HR',NULL,NULL);


-- App Role Menu
INSERT IGNORE INTO lokakarya.tbl_app_role_menu (id,menu_id,role_id) VALUES
     (0x0DAE665D4DE646638D04720EADEF7466,0x62316565633033612D623131392D3131,0xBE41F83CA140440C9AB31E406F71EFC4),
     (0x0E9B402C6A634D468530A972E9A126FC,0x62316565626539642D623131392D3131,0xDCC549CC0BFD4874B0E357BDB50D7A18),
     (0x108C7F97DBFF460681B3D62B39043341,0x39633731343131312D623563662D3131,0xDCC549CC0BFD4874B0E357BDB50D7A18),
     (0x25EB3122E00B4D87AF0CDD5A371EA10C,0x62316565626465342D623131392D3131,0xDCC549CC0BFD4874B0E357BDB50D7A18),
     (0x31EE1D48ADB3419F83B250FD3E561835,0x30646664663565332D623131622D3131,0xDCC549CC0BFD4874B0E357BDB50D7A18),
     (0x3ACE631CC8DC4602B6F1B995E145747F,0x62316565626435652D623131392D3131,0xDCC549CC0BFD4874B0E357BDB50D7A18),
     (0x3F4F17D3C60648E39EF79C234788FF7A,0x62316565633061382D623131392D3131,0xBE41F83CA140440C9AB31E406F71EFC4),
     (0x4DECA377947542C2BAB561C5C9339C79,0x62316565626535632D623131392D3131,0xDCC549CC0BFD4874B0E357BDB50D7A18),
     (0x51E786F5EC96454B99BE2A643116CF53,0x62316565633036612D623131392D3131,0xBE41F83CA140440C9AB31E406F71EFC4),
     (0x5B6EEE75F28C49AD95B43546EB02E48E,0x62316565626639362D623131392D3131,0xBE41F83CA140440C9AB31E406F71EFC4);
INSERT IGNORE INTO lokakarya.tbl_app_role_menu (id,menu_id,role_id) VALUES
     (0x6978AD43BDA54817B7E8F612C9E3CBBB,0x62316565626361382D623131392D3131,0xDCC549CC0BFD4874B0E357BDB50D7A18),
     (0x6DD6FCBA432543B6BCDC4F03DD4EBF21,0x30646664663565332D623131622D3131,0x945F99F6BC974DB7AC5EE50EFBC8D5EF),
     (0x7A6AB3B08D6C4674B31638AB15EF9A7E,0x31663337653861662D633433622D3131,0xBE41F83CA140440C9AB31E406F71EFC4),
     (0x8A948800EE744D3E99FDB9FDF00B840B,0x62316565626531612D623131392D3131,0xDCC549CC0BFD4874B0E357BDB50D7A18),
     (0x8CA6BCA9A5F948CC86C1DDFE7DDAB23B,0x34393736313334342D633937632D3131,0x29CF8B143CBA4605994BAB633D656A83),
     (0x9FEBCAB8C1C644F998E5F3C18A07E150,0x62316565626461352D623131392D3131,0xDCC549CC0BFD4874B0E357BDB50D7A18),
     (0xA191B0EAAB4841D3933B2EB89B90CF88,0x30646664663565332D623131622D3131,0x29CF8B143CBA4605994BAB633D656A83),
     (0xC854F788559F4D7BA2F36AC204D174E8,0x62316565626632622D623131392D3131,0xDCC549CC0BFD4874B0E357BDB50D7A18),
     (0xD007FDEFBA8A4EDF89C337DC1ABF9381,0x62316565626666652D623131392D3131,0xBE41F83CA140440C9AB31E406F71EFC4),
     (0xD7E0C3B801C6490BBD932E41A64CD848,0x62316565626663642D623131392D3131,0xDCC549CC0BFD4874B0E357BDB50D7A18);
INSERT IGNORE INTO lokakarya.tbl_app_role_menu (id,menu_id,role_id) VALUES
    (0xE7768E683FEF4EA7901683434CBD61B9,0x62316565613564642D623131392D3131,0xDCC549CC0BFD4874B0E357BDB50D7A18);


-- User
INSERT IGNORE INTO lokakarya.tbl_app_user (id,created_at,created_by,email_address,employee_status,enabled,full_name,join_date,password,`position`,updated_at,updated_by,username,division_id,has_change_password) VALUES
    (0x0704DAF6B0534824A30C23147D129674,'2024-12-30',0xC7ABEE02CF9048D5BE17D93C57787589,'raihanbaru@gmail.com',1,1,'raihanbaru1','2024-12-30','$2a$10$ZDlPbnBFC8IWXIK.z6kxIOfKM6OHQOHugN0NyqV/EVAeAASdeR5oS','jabatan','2024-12-30',0x0704DAF6B0534824A30C23147D129674,'raihanbaru',0x7B9CED03F76247A19102E7796B6F1964,0),
    (0x0C6AFC21ECCC415B807B768AD0509926,'2024-12-19',0xC7ABEE02CF9048D5BE17D93C57787589,'raihan3@gmail.com',2,1,'raihan','2024-12-18','$2a$10$Rh8xkHKnzzAZnniURSGmkudpaxN6e8T2mr3BWOPJtNR2eNvRSjPRW','junior','2024-12-19',0xC7ABEE02CF9048D5BE17D93C57787589,'raihan3',0x16DCA7E86AA842B88CCEAB768B15B1B5,0),
    (0x1CB7B118612B4594BC057DD6CDF0E0D4,'2024-12-03',0xC7ABEE02CF9048D5BE17D93C57787589,'henry@ogya.co.id',1,1,'henry','2024-12-23','$2a$10$TyfZSiR.Ys4Cp.GRGSRm1uwQ/Y.ZsZMHbq47ujmKxzynF6buNbLUq','ketua','2024-12-19',0xC7ABEE02CF9048D5BE17D93C57787589,'henry1234',0x114BCB150C1E46A5B2039AB763186A94,0),
    (0x615F158DF3BF4742B2860E43538BEA4B,'2024-12-19',0xC7ABEE02CF9048D5BE17D93C57787589,'bhanu2@gmail.com',1,1,'bhanu handika','2024-12-19','$2a$10$9tKgzlpUHV9DelUVvwRy4Ogj3.gITgTzKhQvj62qr0AjHcb5tA33W','user','2025-01-06',0xC7ABEE02CF9048D5BE17D93C57787589,'user',0x16DCA7E86AA842B88CCEAB768B15B1B5,0),
    (0xBED9280FDA1242458B85AF5CF92F9A3B,'2025-01-06',0xC7ABEE02CF9048D5BE17D93C57787589,'w',1,1,'s','2025-01-01','$2a$10$mbc5oMz3ImtwHSsPjuksYe7hzKAduuGl2t4Dlu7o5ywhrsLB3FyQy','d',NULL,NULL,'a',0x16DCA7E86AA842B88CCEAB768B15B1B5,0),
    (0xC7ABEE02CF9048D5BE17D93C57787589,'2024-11-28',0xB5901FD556BC4BB69C4A93C3BABCD2DC,'raihan2202@yahoo.com',2,1,'Ahmad Raihan','2024-09-19','$2a$10$3ZYLcJzC2nGwSxkRdxqifuU.lezvZD3nx1iFIUgYqJz.hA6ZLAHHO','Presiden','2024-12-23',0xC7ABEE02CF9048D5BE17D93C57787589,'raihannn22',0x16DCA7E86AA842B88CCEAB768B15B1B5,1),
    (0xF584BA95637749AD9EF8160A0E99B5D0,'2024-11-29',0xDA41C3475EBC46EB8AFF9652AE3C3D26,'bhanu@gmail.com',2,1,'Bhanu Handika','2024-09-17','$2a$10$LGMteCuXkXYIxHZEND3SRufP2dBlxQaUggeS9TTezZSt0uHVlUjmK','Presiden Juga','2024-12-23',0xF584BA95637749AD9EF8160A0E99B5D0,'bhanu123',0x16DCA7E86AA842B88CCEAB768B15B1B5,1);


--User Role
INSERT IGNORE INTO lokakarya.tbl_app_user_role (id,role_id,user_id) VALUES
   (0xB7226CF41FC54FA782146668871BCADF,0xBE41F83CA140440C9AB31E406F71EFC4,0xC7ABEE02CF9048D5BE17D93C57787589),
   (0xC2C4735F48534D25B4C0DAFC9365A89F,0x945F99F6BC974DB7AC5EE50EFBC8D5EF,0xC7ABEE02CF9048D5BE17D93C57787589),
   (0x40ABC9E334A5414390409047EA76E4C0,0xDCC549CC0BFD4874B0E357BDB50D7A18,0xC7ABEE02CF9048D5BE17D93C57787589),
   (0xFFE715DB00894AB691656E08DC565AB5,0x29CF8B143CBA4605994BAB633D656A83,0xC7ABEE02CF9048D5BE17D93C57787589);
